CourseSecurity.java,edu.ucsb.cs.scaffold.config.CourseSecurity,org.pitest.mutationtest.engine.gregor.mutators.NegateConditionalsMutator,baseHasManagePermissions,126,KILLED,edu.ucsb.cs.scaffold.config.CourseSecurityTests.[engine:junit-jupiter]/[class:edu.ucsb.cs.scaffold.config.CourseSecurityTests]/[nested-class:SuccessfulAdmin]/[method:instructor_can_load_owned_course()]
CourseSecurity.java,edu.ucsb.cs.scaffold.config.CourseSecurity,org.pitest.mutationtest.engine.gregor.mutators.NegateConditionalsMutator,baseHasManagePermissions,130,KILLED,edu.ucsb.cs.scaffold.config.CourseSecurityTests.[engine:junit-jupiter]/[class:edu.ucsb.cs.scaffold.config.CourseSecurityTests]/[nested-class:UnsuccessfulInstructor]/[method:instructor_cant_load_non_owned_course()]
CourseSecurity.java,edu.ucsb.cs.scaffold.config.CourseSecurity,org.pitest.mutationtest.engine.gregor.mutators.returns.BooleanFalseReturnValsMutator,baseHasManagePermissions,127,KILLED,edu.ucsb.cs.scaffold.config.CourseSecurityTests.[engine:junit-jupiter]/[class:edu.ucsb.cs.scaffold.config.CourseSecurityTests]/[nested-class:SuccessfulAdmin]/[method:instructor_can_load_owned_course()]
CourseSecurity.java,edu.ucsb.cs.scaffold.config.CourseSecurity,org.pitest.mutationtest.engine.gregor.mutators.returns.BooleanFalseReturnValsMutator,baseHasManagePermissions,131,KILLED,edu.ucsb.cs.scaffold.config.CourseSecurityTests.[engine:junit-jupiter]/[class:edu.ucsb.cs.scaffold.config.CourseSecurityTests]/[nested-class:SuccessfulCourseStaff]/[method:instructor_can_load_owned_course()]
CourseSecurity.java,edu.ucsb.cs.scaffold.config.CourseSecurity,org.pitest.mutationtest.engine.gregor.mutators.returns.BooleanFalseReturnValsMutator,baseHasManagePermissions,133,KILLED,edu.ucsb.cs.scaffold.config.CourseSecurityTests.[engine:junit-jupiter]/[class:edu.ucsb.cs.scaffold.config.CourseSecurityTests]/[nested-class:SuccessfulInstructor]/[method:instructor_can_load_owned_course()]
CourseSecurity.java,edu.ucsb.cs.scaffold.config.CourseSecurity,org.pitest.mutationtest.engine.gregor.mutators.returns.BooleanTrueReturnValsMutator,baseHasManagePermissions,133,KILLED,edu.ucsb.cs.scaffold.config.CourseSecurityTests.[engine:junit-jupiter]/[class:edu.ucsb.cs.scaffold.config.CourseSecurityTests]/[nested-class:UnsuccessfulInstructor]/[method:instructor_cant_load_non_owned_course()]
CourseSecurity.java,edu.ucsb.cs.scaffold.config.CourseSecurity,org.pitest.mutationtest.engine.gregor.mutators.NegateConditionalsMutator,hasInstructorPermissions,83,KILLED,edu.ucsb.cs.scaffold.config.CourseSecurityTests.[engine:junit-jupiter]/[class:edu.ucsb.cs.scaffold.config.CourseSecurityTests]/[nested-class:SuccessfulAdminPerms]/[method:instructor_can_load_owned_course()]
CourseSecurity.java,edu.ucsb.cs.scaffold.config.CourseSecurity,org.pitest.mutationtest.engine.gregor.mutators.NegateConditionalsMutator,hasInstructorPermissions,87,KILLED,edu.ucsb.cs.scaffold.config.CourseSecurityTests.[engine:junit-jupiter]/[class:edu.ucsb.cs.scaffold.config.CourseSecurityTests]/[nested-class:UnsuccessfulInstructorPerms]/[method:instructor_cant_load_non_owned_course()]
CourseSecurity.java,edu.ucsb.cs.scaffold.config.CourseSecurity,org.pitest.mutationtest.engine.gregor.mutators.returns.BooleanFalseReturnValsMutator,hasInstructorPermissions,84,KILLED,edu.ucsb.cs.scaffold.config.CourseSecurityTests.[engine:junit-jupiter]/[class:edu.ucsb.cs.scaffold.config.CourseSecurityTests]/[nested-class:SuccessfulAdminPerms]/[method:instructor_can_load_owned_course()]
CourseSecurity.java,edu.ucsb.cs.scaffold.config.CourseSecurity,org.pitest.mutationtest.engine.gregor.mutators.returns.BooleanFalseReturnValsMutator,hasInstructorPermissions,88,KILLED,edu.ucsb.cs.scaffold.config.CourseSecurityTests.[engine:junit-jupiter]/[class:edu.ucsb.cs.scaffold.config.CourseSecurityTests]/[nested-class:NotFoundInstructor]/[method:null_on_null()]
CourseSecurity.java,edu.ucsb.cs.scaffold.config.CourseSecurity,org.pitest.mutationtest.engine.gregor.mutators.returns.BooleanFalseReturnValsMutator,hasInstructorPermissions,90,KILLED,edu.ucsb.cs.scaffold.config.CourseSecurityTests.[engine:junit-jupiter]/[class:edu.ucsb.cs.scaffold.config.CourseSecurityTests]/[nested-class:SuccessfulInstructorPerms]/[method:instructor_can_load_owned_course()]
CourseSecurity.java,edu.ucsb.cs.scaffold.config.CourseSecurity,org.pitest.mutationtest.engine.gregor.mutators.returns.BooleanTrueReturnValsMutator,hasInstructorPermissions,90,KILLED,edu.ucsb.cs.scaffold.config.CourseSecurityTests.[engine:junit-jupiter]/[class:edu.ucsb.cs.scaffold.config.CourseSecurityTests]/[nested-class:UnsuccessfulInstructorPerms]/[method:instructor_cant_load_non_owned_course()]
CourseSecurity.java,edu.ucsb.cs.scaffold.config.CourseSecurity,org.pitest.mutationtest.engine.gregor.mutators.NegateConditionalsMutator,hasManagePermissions,63,KILLED,edu.ucsb.cs.scaffold.config.CourseSecurityTests.[engine:junit-jupiter]/[class:edu.ucsb.cs.scaffold.config.CourseSecurityTests]/[nested-class:NotFound]/[method:null_on_null()]
CourseSecurity.java,edu.ucsb.cs.scaffold.config.CourseSecurity,org.pitest.mutationtest.engine.gregor.mutators.returns.BooleanFalseReturnValsMutator,hasManagePermissions,64,KILLED,edu.ucsb.cs.scaffold.config.CourseSecurityTests.[engine:junit-jupiter]/[class:edu.ucsb.cs.scaffold.config.CourseSecurityTests]/[nested-class:NotFound]/[method:null_on_null()]
CourseSecurity.java,edu.ucsb.cs.scaffold.config.CourseSecurity,org.pitest.mutationtest.engine.gregor.mutators.returns.BooleanFalseReturnValsMutator,hasManagePermissions,66,KILLED,edu.ucsb.cs.scaffold.config.CourseSecurityTests.[engine:junit-jupiter]/[class:edu.ucsb.cs.scaffold.config.CourseSecurityTests]/[nested-class:SuccessfulAdmin]/[method:instructor_can_load_owned_course()]
CourseSecurity.java,edu.ucsb.cs.scaffold.config.CourseSecurity,org.pitest.mutationtest.engine.gregor.mutators.returns.BooleanTrueReturnValsMutator,hasManagePermissions,66,KILLED,edu.ucsb.cs.scaffold.config.CourseSecurityTests.[engine:junit-jupiter]/[class:edu.ucsb.cs.scaffold.config.CourseSecurityTests]/[nested-class:UnsuccessfulInstructor]/[method:instructor_cant_load_non_owned_course()]
CourseSecurity.java,edu.ucsb.cs.scaffold.config.CourseSecurity,org.pitest.mutationtest.engine.gregor.mutators.returns.BooleanFalseReturnValsMutator,hasRosterStudentManagementPermissions,107,KILLED,edu.ucsb.cs.scaffold.config.CourseSecurityTests.[engine:junit-jupiter]/[class:edu.ucsb.cs.scaffold.config.CourseSecurityTests]/[nested-class:NotFoundRosterStudent]/[method:null_on_null()]
CourseSecurity.java,edu.ucsb.cs.scaffold.config.CourseSecurity,org.pitest.mutationtest.engine.gregor.mutators.returns.BooleanTrueReturnValsMutator,hasRosterStudentManagementPermissions,107,KILLED,edu.ucsb.cs.scaffold.config.CourseSecurityTests.[engine:junit-jupiter]/[class:edu.ucsb.cs.scaffold.config.CourseSecurityTests]/[nested-class:CorrectPassRosterStudent]/[method:returns_properly()]
CourseSecurity.java,edu.ucsb.cs.scaffold.config.CourseSecurity,org.pitest.mutationtest.engine.gregor.mutators.returns.BooleanFalseReturnValsMutator,lambda$baseHasManagePermissions$2,126,KILLED,edu.ucsb.cs.scaffold.config.CourseSecurityTests.[engine:junit-jupiter]/[class:edu.ucsb.cs.scaffold.config.CourseSecurityTests]/[nested-class:SuccessfulAdmin]/[method:instructor_can_load_owned_course()]
CourseSecurity.java,edu.ucsb.cs.scaffold.config.CourseSecurity,org.pitest.mutationtest.engine.gregor.mutators.returns.BooleanTrueReturnValsMutator,lambda$baseHasManagePermissions$2,126,KILLED,edu.ucsb.cs.scaffold.config.CourseSecurityTests.[engine:junit-jupiter]/[class:edu.ucsb.cs.scaffold.config.CourseSecurityTests]/[nested-class:UnsuccessfulInstructor]/[method:instructor_cant_load_non_owned_course()]
CourseSecurity.java,edu.ucsb.cs.scaffold.config.CourseSecurity,org.pitest.mutationtest.engine.gregor.mutators.returns.BooleanFalseReturnValsMutator,lambda$baseHasManagePermissions$3,130,KILLED,edu.ucsb.cs.scaffold.config.CourseSecurityTests.[engine:junit-jupiter]/[class:edu.ucsb.cs.scaffold.config.CourseSecurityTests]/[nested-class:SuccessfulCourseStaff]/[method:instructor_can_load_owned_course()]
CourseSecurity.java,edu.ucsb.cs.scaffold.config.CourseSecurity,org.pitest.mutationtest.engine.gregor.mutators.returns.BooleanTrueReturnValsMutator,lambda$baseHasManagePermissions$3,130,KILLED,edu.ucsb.cs.scaffold.config.CourseSecurityTests.[engine:junit-jupiter]/[class:edu.ucsb.cs.scaffold.config.CourseSecurityTests]/[nested-class:UnsuccessfulInstructor]/[method:instructor_cant_load_non_owned_course()]
CourseSecurity.java,edu.ucsb.cs.scaffold.config.CourseSecurity,org.pitest.mutationtest.engine.gregor.mutators.returns.BooleanFalseReturnValsMutator,lambda$hasInstructorPermissions$0,83,KILLED,edu.ucsb.cs.scaffold.config.CourseSecurityTests.[engine:junit-jupiter]/[class:edu.ucsb.cs.scaffold.config.CourseSecurityTests]/[nested-class:SuccessfulAdminPerms]/[method:instructor_can_load_owned_course()]
CourseSecurity.java,edu.ucsb.cs.scaffold.config.CourseSecurity,org.pitest.mutationtest.engine.gregor.mutators.returns.BooleanTrueReturnValsMutator,lambda$hasInstructorPermissions$0,83,KILLED,edu.ucsb.cs.scaffold.config.CourseSecurityTests.[engine:junit-jupiter]/[class:edu.ucsb.cs.scaffold.config.CourseSecurityTests]/[nested-class:UnsuccessfulInstructorPerms]/[method:instructor_cant_load_non_owned_course()]
CourseSecurity.java,edu.ucsb.cs.scaffold.config.CourseSecurity,org.pitest.mutationtest.engine.gregor.mutators.returns.BooleanFalseReturnValsMutator,lambda$hasRosterStudentManagementPermissions$1,109,KILLED,edu.ucsb.cs.scaffold.config.CourseSecurityTests.[engine:junit-jupiter]/[class:edu.ucsb.cs.scaffold.config.CourseSecurityTests]/[nested-class:FalseButExistsRosterStudent]/[method:returns_properly()]
CourseSecurity.java,edu.ucsb.cs.scaffold.config.CourseSecurity,org.pitest.mutationtest.engine.gregor.mutators.returns.BooleanTrueReturnValsMutator,lambda$hasRosterStudentManagementPermissions$1,109,KILLED,edu.ucsb.cs.scaffold.config.CourseSecurityTests.[engine:junit-jupiter]/[class:edu.ucsb.cs.scaffold.config.CourseSecurityTests]/[nested-class:CorrectPassRosterStudent]/[method:returns_properly()]
AdminsController.java,edu.ucsb.cs.scaffold.controller.AdminsController,org.pitest.mutationtest.engine.gregor.mutators.returns.EmptyObjectReturnValsMutator,allAdmins,54,KILLED,edu.ucsb.cs.scaffold.controller.AdminsControllerTests.[engine:junit-jupiter]/[class:edu.ucsb.cs.scaffold.controller.AdminsControllerTests]/[method:logged_in_admin_can_get_all_admins()]
AdminsController.java,edu.ucsb.cs.scaffold.controller.AdminsController,org.pitest.mutationtest.engine.gregor.mutators.NegateConditionalsMutator,deleteAdmin,67,KILLED,edu.ucsb.cs.scaffold.controller.AdminsControllerTests.[engine:junit-jupiter]/[class:edu.ucsb.cs.scaffold.controller.AdminsControllerTests]/[method:admin_tries_to_delete_an_ADMIN_EMAIL_and_gets_right_error_message()]
AdminsController.java,edu.ucsb.cs.scaffold.controller.AdminsController,org.pitest.mutationtest.engine.gregor.mutators.VoidMethodCallMutator,deleteAdmin,71,KILLED,edu.ucsb.cs.scaffold.controller.AdminsControllerTests.[engine:junit-jupiter]/[class:edu.ucsb.cs.scaffold.controller.AdminsControllerTests]/[method:admin_can_delete_an_admin()]
AdminsController.java,edu.ucsb.cs.scaffold.controller.AdminsController,org.pitest.mutationtest.engine.gregor.mutators.returns.NullReturnValsMutator,deleteAdmin,72,KILLED,edu.ucsb.cs.scaffold.controller.AdminsControllerTests.[engine:junit-jupiter]/[class:edu.ucsb.cs.scaffold.controller.AdminsControllerTests]/[method:admin_can_delete_an_admin()]
AdminsController.java,edu.ucsb.cs.scaffold.controller.AdminsController,org.pitest.mutationtest.engine.gregor.mutators.returns.NullReturnValsMutator,lambda$allAdmins$0,55,KILLED,edu.ucsb.cs.scaffold.controller.AdminsControllerTests.[engine:junit-jupiter]/[class:edu.ucsb.cs.scaffold.controller.AdminsControllerTests]/[method:logged_in_admin_can_get_all_admins()]
AdminsController.java,edu.ucsb.cs.scaffold.controller.AdminsController,org.pitest.mutationtest.engine.gregor.mutators.returns.NullReturnValsMutator,lambda$deleteAdmin$1,66,KILLED,edu.ucsb.cs.scaffold.controller.AdminsControllerTests.[engine:junit-jupiter]/[class:edu.ucsb.cs.scaffold.controller.AdminsControllerTests]/[method:admin_tries_to_delete_non_existant_admin_and_gets_right_error_message()]
AdminsController.java,edu.ucsb.cs.scaffold.controller.AdminsController,org.pitest.mutationtest.engine.gregor.mutators.returns.NullReturnValsMutator,postAdmin,46,KILLED,edu.ucsb.cs.scaffold.controller.AdminsControllerTests.[engine:junit-jupiter]/[class:edu.ucsb.cs.scaffold.controller.AdminsControllerTests]/[method:an_admin_user_can_post_a_new_admin()]
ApiController.java,edu.ucsb.cs.scaffold.controller.ApiController,org.pitest.mutationtest.engine.gregor.mutators.returns.NullReturnValsMutator,genericMessage,24,KILLED,edu.ucsb.cs.scaffold.controller.CoursesControllerTests.[engine:junit-jupiter]/[class:edu.ucsb.cs.scaffold.controller.CoursesControllerTests]/[method:delete_success_returns_ok()]
ApiController.java,edu.ucsb.cs.scaffold.controller.ApiController,org.pitest.mutationtest.engine.gregor.mutators.returns.NullReturnValsMutator,getCurrentUser,20,KILLED,edu.ucsb.cs.scaffold.controller.CoursesControllerTests.[engine:junit-jupiter]/[class:edu.ucsb.cs.scaffold.controller.CoursesControllerTests]/[method:testAllCourses_ROLE_INSTRUCTOR()]
ApiController.java,edu.ucsb.cs.scaffold.controller.ApiController,org.pitest.mutationtest.engine.gregor.mutators.returns.NullReturnValsMutator,handleEntityNotFoundException,30,KILLED,edu.ucsb.cs.scaffold.controller.CoursesControllerTests.[engine:junit-jupiter]/[class:edu.ucsb.cs.scaffold.controller.CoursesControllerTests]/[method:delete_not_found_returns_not_found()]
ApiController.java,edu.ucsb.cs.scaffold.controller.ApiController,org.pitest.mutationtest.engine.gregor.mutators.returns.NullReturnValsMutator,handleIllegalArgument,50,KILLED,edu.ucsb.cs.scaffold.controller.CoursesControllerTests.[engine:junit-jupiter]/[class:edu.ucsb.cs.scaffold.controller.CoursesControllerTests]/[method:delete_course_with_staff_throws_illegal_argument()]
ApiController.java,edu.ucsb.cs.scaffold.controller.ApiController,org.pitest.mutationtest.engine.gregor.mutators.returns.NullReturnValsMutator,handleUnsupportedOperation,38,KILLED,edu.ucsb.cs.scaffold.controller.AdminsControllerTests.[engine:junit-jupiter]/[class:edu.ucsb.cs.scaffold.controller.AdminsControllerTests]/[method:admin_tries_to_delete_an_ADMIN_EMAIL_and_gets_right_error_message()]
AssessmentController.java,edu.ucsb.cs.scaffold.controller.AssessmentController,org.pitest.mutationtest.engine.gregor.mutators.returns.EmptyObjectReturnValsMutator,getAssessments,30,KILLED,edu.ucsb.cs.scaffold.controller.AssessmentControllerTests.[engine:junit-jupiter]/[class:edu.ucsb.cs.scaffold.controller.AssessmentControllerTests]/[method:any_user_can_get_assessments()]
AssessmentController.java,edu.ucsb.cs.scaffold.controller.AssessmentController,org.pitest.mutationtest.engine.gregor.mutators.returns.EmptyObjectReturnValsMutator,getQuestions,37,KILLED,edu.ucsb.cs.scaffold.controller.AssessmentControllerTests.[engine:junit-jupiter]/[class:edu.ucsb.cs.scaffold.controller.AssessmentControllerTests]/[method:any_user_can_get_questions_for_assessment()]
CourseStaffCSVController.java,edu.ucsb.cs.scaffold.controller.CourseStaffCSVController,org.pitest.mutationtest.engine.gregor.mutators.returns.NullReturnValsMutator,lambda$uploadStaffCSV$0,57,KILLED,edu.ucsb.cs.scaffold.controller.CourseStaffCSVControllerTests.[engine:junit-jupiter]/[class:edu.ucsb.cs.scaffold.controller.CourseStaffCSVControllerTests]/[method:upload_returns_not_found_for_missing_course()]
CourseStaffCSVController.java,edu.ucsb.cs.scaffold.controller.CourseStaffCSVController,org.pitest.mutationtest.engine.gregor.mutators.ConditionalsBoundaryMutator,uploadStaffCSV,74,KILLED,edu.ucsb.cs.scaffold.controller.CourseStaffCSVControllerTests.[engine:junit-jupiter]/[class:edu.ucsb.cs.scaffold.controller.CourseStaffCSVControllerTests]/[method:instructor_can_upload_staff_csv()]
CourseStaffCSVController.java,edu.ucsb.cs.scaffold.controller.CourseStaffCSVController,org.pitest.mutationtest.engine.gregor.mutators.IncrementsMutator,uploadStaffCSV,91,KILLED,edu.ucsb.cs.scaffold.controller.CourseStaffCSVControllerTests.[engine:junit-jupiter]/[class:edu.ucsb.cs.scaffold.controller.CourseStaffCSVControllerTests]/[method:instructor_can_upload_staff_csv()]
CourseStaffCSVController.java,edu.ucsb.cs.scaffold.controller.CourseStaffCSVController,org.pitest.mutationtest.engine.gregor.mutators.NegateConditionalsMutator,uploadStaffCSV,66,KILLED,edu.ucsb.cs.scaffold.controller.CourseStaffCSVControllerTests.[engine:junit-jupiter]/[class:edu.ucsb.cs.scaffold.controller.CourseStaffCSVControllerTests]/[method:upload_returns_bad_request_for_empty_csv()]
CourseStaffCSVController.java,edu.ucsb.cs.scaffold.controller.CourseStaffCSVController,org.pitest.mutationtest.engine.gregor.mutators.NegateConditionalsMutator,uploadStaffCSV,73,KILLED,edu.ucsb.cs.scaffold.controller.CourseStaffCSVControllerTests.[engine:junit-jupiter]/[class:edu.ucsb.cs.scaffold.controller.CourseStaffCSVControllerTests]/[method:upload_returns_bad_request_for_short_row()]
CourseStaffCSVController.java,edu.ucsb.cs.scaffold.controller.CourseStaffCSVController,org.pitest.mutationtest.engine.gregor.mutators.NegateConditionalsMutator,uploadStaffCSV,74,KILLED,edu.ucsb.cs.scaffold.controller.CourseStaffCSVControllerTests.[engine:junit-jupiter]/[class:edu.ucsb.cs.scaffold.controller.CourseStaffCSVControllerTests]/[method:upload_returns_bad_request_for_short_row()]
CourseStaffCSVController.java,edu.ucsb.cs.scaffold.controller.CourseStaffCSVController,org.pitest.mutationtest.engine.gregor.mutators.VoidMethodCallMutator,uploadStaffCSV,70,KILLED,edu.ucsb.cs.scaffold.controller.CourseStaffCSVControllerTests.[engine:junit-jupiter]/[class:edu.ucsb.cs.scaffold.controller.CourseStaffCSVControllerTests]/[method:upload_returns_bad_request_for_invalid_headers()]
CourseStaffCSVController.java,edu.ucsb.cs.scaffold.controller.CourseStaffCSVController,org.pitest.mutationtest.engine.gregor.mutators.VoidMethodCallMutator,uploadStaffCSV,90,KILLED,edu.ucsb.cs.scaffold.controller.CourseStaffCSVControllerTests.[engine:junit-jupiter]/[class:edu.ucsb.cs.scaffold.controller.CourseStaffCSVControllerTests]/[method:instructor_can_upload_staff_csv()]
CourseStaffCSVController.java,edu.ucsb.cs.scaffold.controller.CourseStaffCSVController,org.pitest.mutationtest.engine.gregor.mutators.returns.EmptyObjectReturnValsMutator,uploadStaffCSV,95,KILLED,edu.ucsb.cs.scaffold.controller.CourseStaffCSVControllerTests.[engine:junit-jupiter]/[class:edu.ucsb.cs.scaffold.controller.CourseStaffCSVControllerTests]/[method:instructor_can_upload_staff_csv()]
CourseStaffCSVController.java,edu.ucsb.cs.scaffold.controller.CourseStaffCSVController,org.pitest.mutationtest.engine.gregor.mutators.ConditionalsBoundaryMutator,validateHeaders,100,KILLED,edu.ucsb.cs.scaffold.controller.CourseStaffCSVControllerTests.[engine:junit-jupiter]/[class:edu.ucsb.cs.scaffold.controller.CourseStaffCSVControllerTests]/[method:instructor_can_upload_staff_csv()]
CourseStaffCSVController.java,edu.ucsb.cs.scaffold.controller.CourseStaffCSVController,org.pitest.mutationtest.engine.gregor.mutators.ConditionalsBoundaryMutator,validateHeaders,106,KILLED,edu.ucsb.cs.scaffold.controller.CourseStaffCSVControllerTests.[engine:junit-jupiter]/[class:edu.ucsb.cs.scaffold.controller.CourseStaffCSVControllerTests]/[method:upload_returns_bad_request_for_short_row()]
CourseStaffCSVController.java,edu.ucsb.cs.scaffold.controller.CourseStaffCSVController,org.pitest.mutationtest.engine.gregor.mutators.NegateConditionalsMutator,validateHeaders,100,KILLED,edu.ucsb.cs.scaffold.controller.CourseStaffCSVControllerTests.[engine:junit-jupiter]/[class:edu.ucsb.cs.scaffold.controller.CourseStaffCSVControllerTests]/[method:upload_returns_bad_request_for_too_few_headers()]
CourseStaffCSVController.java,edu.ucsb.cs.scaffold.controller.CourseStaffCSVController,org.pitest.mutationtest.engine.gregor.mutators.NegateConditionalsMutator,validateHeaders,106,KILLED,edu.ucsb.cs.scaffold.controller.CourseStaffCSVControllerTests.[engine:junit-jupiter]/[class:edu.ucsb.cs.scaffold.controller.CourseStaffCSVControllerTests]/[method:upload_returns_bad_request_for_invalid_headers()]
CourseStaffCSVController.java,edu.ucsb.cs.scaffold.controller.CourseStaffCSVController,org.pitest.mutationtest.engine.gregor.mutators.NegateConditionalsMutator,validateHeaders,107,KILLED,edu.ucsb.cs.scaffold.controller.CourseStaffCSVControllerTests.[engine:junit-jupiter]/[class:edu.ucsb.cs.scaffold.controller.CourseStaffCSVControllerTests]/[method:upload_returns_bad_request_for_invalid_headers()]
CourseStaffController.java,edu.ucsb.cs.scaffold.controller.CourseStaffController,org.pitest.mutationtest.engine.gregor.mutators.returns.EmptyObjectReturnValsMutator,courseStaffForCourse,91,KILLED,edu.ucsb.cs.scaffold.controller.CourseStaffControllerTests.[engine:junit-jupiter]/[class:edu.ucsb.cs.scaffold.controller.CourseStaffControllerTests]/[method:testCourseStaffByCourse()]
CourseStaffController.java,edu.ucsb.cs.scaffold.controller.CourseStaffController,org.pitest.mutationtest.engine.gregor.mutators.VoidMethodCallMutator,deleteStaffMember,134,KILLED,edu.ucsb.cs.scaffold.controller.CourseStaffControllerTests.[engine:junit-jupiter]/[class:edu.ucsb.cs.scaffold.controller.CourseStaffControllerTests]/[method:testDeleteCourseStaff_success()]
CourseStaffController.java,edu.ucsb.cs.scaffold.controller.CourseStaffController,org.pitest.mutationtest.engine.gregor.mutators.VoidMethodCallMutator,deleteStaffMember,135,KILLED,edu.ucsb.cs.scaffold.controller.CourseStaffControllerTests.[engine:junit-jupiter]/[class:edu.ucsb.cs.scaffold.controller.CourseStaffControllerTests]/[method:testDeleteCourseStaff_success()]
CourseStaffController.java,edu.ucsb.cs.scaffold.controller.CourseStaffController,org.pitest.mutationtest.engine.gregor.mutators.returns.NullReturnValsMutator,deleteStaffMember,137,KILLED,edu.ucsb.cs.scaffold.controller.CourseStaffControllerTests.[engine:junit-jupiter]/[class:edu.ucsb.cs.scaffold.controller.CourseStaffControllerTests]/[method:testDeleteCourseStaff_success()]
CourseStaffController.java,edu.ucsb.cs.scaffold.controller.CourseStaffController,org.pitest.mutationtest.engine.gregor.mutators.returns.NullReturnValsMutator,lambda$courseStaffForCourse$1,89,KILLED,edu.ucsb.cs.scaffold.controller.CourseStaffControllerTests.[engine:junit-jupiter]/[class:edu.ucsb.cs.scaffold.controller.CourseStaffControllerTests]/[method:admin_can_get_course_staff_for_a_non_existing_course()]
CourseStaffController.java,edu.ucsb.cs.scaffold.controller.CourseStaffController,org.pitest.mutationtest.engine.gregor.mutators.returns.NullReturnValsMutator,lambda$deleteStaffMember$3,130,KILLED,edu.ucsb.cs.scaffold.controller.CourseStaffControllerTests.[engine:junit-jupiter]/[class:edu.ucsb.cs.scaffold.controller.CourseStaffControllerTests]/[method:testDeleteCourseStaff_notFound()]
CourseStaffController.java,edu.ucsb.cs.scaffold.controller.CourseStaffController,org.pitest.mutationtest.engine.gregor.mutators.returns.NullReturnValsMutator,lambda$postCourseStaff$0,60,KILLED,edu.ucsb.cs.scaffold.controller.CourseStaffControllerTests.[engine:junit-jupiter]/[class:edu.ucsb.cs.scaffold.controller.CourseStaffControllerTests]/[method:test_AdminCannotPostCourseStaffForCourseThatDoesNotExist()]
CourseStaffController.java,edu.ucsb.cs.scaffold.controller.CourseStaffController,org.pitest.mutationtest.engine.gregor.mutators.returns.NullReturnValsMutator,lambda$updateStaffMember$2,107,KILLED,edu.ucsb.cs.scaffold.controller.CourseStaffControllerTests.[engine:junit-jupiter]/[class:edu.ucsb.cs.scaffold.controller.CourseStaffControllerTests]/[method:testUpdateCourseStaff_course_not_found()]
CourseStaffController.java,edu.ucsb.cs.scaffold.controller.CourseStaffController,org.pitest.mutationtest.engine.gregor.mutators.VoidMethodCallMutator,postCourseStaff,72,KILLED,edu.ucsb.cs.scaffold.controller.CourseStaffControllerTests.[engine:junit-jupiter]/[class:edu.ucsb.cs.scaffold.controller.CourseStaffControllerTests]/[method:testPostCourseStaffEmailSanitized()]
CourseStaffController.java,edu.ucsb.cs.scaffold.controller.CourseStaffController,org.pitest.mutationtest.engine.gregor.mutators.returns.NullReturnValsMutator,postCourseStaff,74,KILLED,edu.ucsb.cs.scaffold.controller.CourseStaffControllerTests.[engine:junit-jupiter]/[class:edu.ucsb.cs.scaffold.controller.CourseStaffControllerTests]/[method:testPostCourseStaffEmailSanitized()]
CourseStaffController.java,edu.ucsb.cs.scaffold.controller.CourseStaffController,org.pitest.mutationtest.engine.gregor.mutators.VoidMethodCallMutator,updateStaffMember,109,KILLED,edu.ucsb.cs.scaffold.controller.CourseStaffControllerTests.[engine:junit-jupiter]/[class:edu.ucsb.cs.scaffold.controller.CourseStaffControllerTests]/[method:testUpdateCourseStaff_success()]
CourseStaffController.java,edu.ucsb.cs.scaffold.controller.CourseStaffController,org.pitest.mutationtest.engine.gregor.mutators.VoidMethodCallMutator,updateStaffMember,110,KILLED,edu.ucsb.cs.scaffold.controller.CourseStaffControllerTests.[engine:junit-jupiter]/[class:edu.ucsb.cs.scaffold.controller.CourseStaffControllerTests]/[method:testUpdateCourseStaff_success()]
CourseStaffController.java,edu.ucsb.cs.scaffold.controller.CourseStaffController,org.pitest.mutationtest.engine.gregor.mutators.returns.NullReturnValsMutator,updateStaffMember,111,KILLED,edu.ucsb.cs.scaffold.controller.CourseStaffControllerTests.[engine:junit-jupiter]/[class:edu.ucsb.cs.scaffold.controller.CourseStaffControllerTests]/[method:testUpdateCourseStaff_success()]
CoursesController.java,edu.ucsb.cs.scaffold.controller.CoursesController,org.pitest.mutationtest.engine.gregor.mutators.returns.EmptyObjectReturnValsMutator,allForAdmins,149,KILLED,edu.ucsb.cs.scaffold.controller.CoursesControllerTests.[engine:junit-jupiter]/[class:edu.ucsb.cs.scaffold.controller.CoursesControllerTests]/[method:testAllCourses_ROLE_ADMIN()]
CoursesController.java,edu.ucsb.cs.scaffold.controller.CoursesController,org.pitest.mutationtest.engine.gregor.mutators.returns.EmptyObjectReturnValsMutator,allForInstructors,133,KILLED,edu.ucsb.cs.scaffold.controller.CoursesControllerTests.[engine:junit-jupiter]/[class:edu.ucsb.cs.scaffold.controller.CoursesControllerTests]/[method:testAllCourses_ROLE_INSTRUCTOR()]
CoursesController.java,edu.ucsb.cs.scaffold.controller.CoursesController,org.pitest.mutationtest.engine.gregor.mutators.NegateConditionalsMutator,deleteCourse,359,KILLED,edu.ucsb.cs.scaffold.controller.CoursesControllerTests.[engine:junit-jupiter]/[class:edu.ucsb.cs.scaffold.controller.CoursesControllerTests]/[method:delete_course_with_students_throws_illegal_argument()]
CoursesController.java,edu.ucsb.cs.scaffold.controller.CoursesController,org.pitest.mutationtest.engine.gregor.mutators.NegateConditionalsMutator,deleteCourse,359,KILLED,edu.ucsb.cs.scaffold.controller.CoursesControllerTests.[engine:junit-jupiter]/[class:edu.ucsb.cs.scaffold.controller.CoursesControllerTests]/[method:delete_course_with_staff_throws_illegal_argument()]
CoursesController.java,edu.ucsb.cs.scaffold.controller.CoursesController,org.pitest.mutationtest.engine.gregor.mutators.VoidMethodCallMutator,deleteCourse,363,KILLED,edu.ucsb.cs.scaffold.controller.CoursesControllerTests.[engine:junit-jupiter]/[class:edu.ucsb.cs.scaffold.controller.CoursesControllerTests]/[method:delete_success_returns_ok()]
CoursesController.java,edu.ucsb.cs.scaffold.controller.CoursesController,org.pitest.mutationtest.engine.gregor.mutators.VoidMethodCallMutator,deleteCourse,364,KILLED,edu.ucsb.cs.scaffold.controller.CoursesControllerTests.[engine:junit-jupiter]/[class:edu.ucsb.cs.scaffold.controller.CoursesControllerTests]/[method:delete_success_returns_ok()]
CoursesController.java,edu.ucsb.cs.scaffold.controller.CoursesController,org.pitest.mutationtest.engine.gregor.mutators.returns.NullReturnValsMutator,deleteCourse,365,KILLED,edu.ucsb.cs.scaffold.controller.CoursesControllerTests.[engine:junit-jupiter]/[class:edu.ucsb.cs.scaffold.controller.CoursesControllerTests]/[method:delete_success_returns_ok()]
CoursesController.java,edu.ucsb.cs.scaffold.controller.CoursesController,org.pitest.mutationtest.engine.gregor.mutators.returns.NullReturnValsMutator,getCourseById,167,KILLED,edu.ucsb.cs.scaffold.controller.CoursesControllerTests.[engine:junit-jupiter]/[class:edu.ucsb.cs.scaffold.controller.CoursesControllerTests]/[method:testGetCourseById()]
CoursesController.java,edu.ucsb.cs.scaffold.controller.CoursesController,org.pitest.mutationtest.engine.gregor.mutators.ConditionalsBoundaryMutator,getCourseCanvasInfo,193,KILLED,edu.ucsb.cs.scaffold.controller.CoursesControllerTests.[engine:junit-jupiter]/[class:edu.ucsb.cs.scaffold.controller.CoursesControllerTests]/[method:getCanvasInfo_obscuresCorrectlyForFourCharacters()]
CoursesController.java,edu.ucsb.cs.scaffold.controller.CoursesController,org.pitest.mutationtest.engine.gregor.mutators.MathMutator,getCourseCanvasInfo,196,KILLED,edu.ucsb.cs.scaffold.controller.CoursesControllerTests.[engine:junit-jupiter]/[class:edu.ucsb.cs.scaffold.controller.CoursesControllerTests]/[method:getCanvasInfo_returnsCorrectOutput()]
CoursesController.java,edu.ucsb.cs.scaffold.controller.CoursesController,org.pitest.mutationtest.engine.gregor.mutators.MathMutator,getCourseCanvasInfo,197,KILLED,edu.ucsb.cs.scaffold.controller.CoursesControllerTests.[engine:junit-jupiter]/[class:edu.ucsb.cs.scaffold.controller.CoursesControllerTests]/[method:getCanvasInfo_returnsCorrectOutput()]
CoursesController.java,edu.ucsb.cs.scaffold.controller.CoursesController,org.pitest.mutationtest.engine.gregor.mutators.NegateConditionalsMutator,getCourseCanvasInfo,191,KILLED,edu.ucsb.cs.scaffold.controller.CoursesControllerTests.[engine:junit-jupiter]/[class:edu.ucsb.cs.scaffold.controller.CoursesControllerTests]/[method:getCanvasInfo_returnsCorrectOutput()]
CoursesController.java,edu.ucsb.cs.scaffold.controller.CoursesController,org.pitest.mutationtest.engine.gregor.mutators.NegateConditionalsMutator,getCourseCanvasInfo,193,KILLED,edu.ucsb.cs.scaffold.controller.CoursesControllerTests.[engine:junit-jupiter]/[class:edu.ucsb.cs.scaffold.controller.CoursesControllerTests]/[method:getCanvasInfo_returnsCorrectOutput()]
CoursesController.java,edu.ucsb.cs.scaffold.controller.CoursesController,org.pitest.mutationtest.engine.gregor.mutators.NegateConditionalsMutator,getCourseCanvasInfo,202,KILLED,edu.ucsb.cs.scaffold.controller.CoursesControllerTests.[engine:junit-jupiter]/[class:edu.ucsb.cs.scaffold.controller.CoursesControllerTests]/[method:getCanvasInfo_returnsCorrectOutput()]
CoursesController.java,edu.ucsb.cs.scaffold.controller.CoursesController,org.pitest.mutationtest.engine.gregor.mutators.NegateConditionalsMutator,getCourseCanvasInfo,203,KILLED,edu.ucsb.cs.scaffold.controller.CoursesControllerTests.[engine:junit-jupiter]/[class:edu.ucsb.cs.scaffold.controller.CoursesControllerTests]/[method:getCanvasInfo_returnsCorrectOutput()]
CoursesController.java,edu.ucsb.cs.scaffold.controller.CoursesController,org.pitest.mutationtest.engine.gregor.mutators.returns.EmptyObjectReturnValsMutator,getCourseCanvasInfo,200,KILLED,edu.ucsb.cs.scaffold.controller.CoursesControllerTests.[engine:junit-jupiter]/[class:edu.ucsb.cs.scaffold.controller.CoursesControllerTests]/[method:getCanvasInfo_returnsCorrectOutput()]
CoursesController.java,edu.ucsb.cs.scaffold.controller.CoursesController,org.pitest.mutationtest.engine.gregor.mutators.NegateConditionalsMutator,getCourseEmails,336,KILLED,edu.ucsb.cs.scaffold.controller.CoursesControllerTests.[engine:junit-jupiter]/[class:edu.ucsb.cs.scaffold.controller.CoursesControllerTests]/[method:getCourseEmails_students_blank_team_is_unfiltered()]
CoursesController.java,edu.ucsb.cs.scaffold.controller.CoursesController,org.pitest.mutationtest.engine.gregor.mutators.NegateConditionalsMutator,getCourseEmails,338,KILLED,edu.ucsb.cs.scaffold.controller.CoursesControllerTests.[engine:junit-jupiter]/[class:edu.ucsb.cs.scaffold.controller.CoursesControllerTests]/[method:getCourseEmails_students_explicit_type_comma_separated()]
CoursesController.java,edu.ucsb.cs.scaffold.controller.CoursesController,org.pitest.mutationtest.engine.gregor.mutators.NegateConditionalsMutator,getCourseEmails,343,KILLED,edu.ucsb.cs.scaffold.controller.CoursesControllerTests.[engine:junit-jupiter]/[class:edu.ucsb.cs.scaffold.controller.CoursesControllerTests]/[method:getCourseEmails_students_blank_team_is_unfiltered()]
CoursesController.java,edu.ucsb.cs.scaffold.controller.CoursesController,org.pitest.mutationtest.engine.gregor.mutators.returns.EmptyObjectReturnValsMutator,getCourseEmails,344,KILLED,edu.ucsb.cs.scaffold.controller.CoursesControllerTests.[engine:junit-jupiter]/[class:edu.ucsb.cs.scaffold.controller.CoursesControllerTests]/[method:getCourseEmails_students_blank_team_is_unfiltered()]
CoursesController.java,edu.ucsb.cs.scaffold.controller.CoursesController,org.pitest.mutationtest.engine.gregor.mutators.returns.NullReturnValsMutator,lambda$deleteCourse$5,356,KILLED,edu.ucsb.cs.scaffold.controller.CoursesControllerTests.[engine:junit-jupiter]/[class:edu.ucsb.cs.scaffold.controller.CoursesControllerTests]/[method:delete_not_found_returns_not_found()]
CoursesController.java,edu.ucsb.cs.scaffold.controller.CoursesController,org.pitest.mutationtest.engine.gregor.mutators.returns.NullReturnValsMutator,lambda$getCourseById$0,164,KILLED,edu.ucsb.cs.scaffold.controller.CoursesControllerTests.[engine:junit-jupiter]/[class:edu.ucsb.cs.scaffold.controller.CoursesControllerTests]/[method:testGetCourseById_courseDoesNotExist()]
CoursesController.java,edu.ucsb.cs.scaffold.controller.CoursesController,org.pitest.mutationtest.engine.gregor.mutators.returns.NullReturnValsMutator,lambda$getCourseCanvasInfo$1,187,KILLED,edu.ucsb.cs.scaffold.controller.CoursesControllerTests.[engine:junit-jupiter]/[class:edu.ucsb.cs.scaffold.controller.CoursesControllerTests]/[method:testGetCanvasInfo_courseDoesNotExist()]
CoursesController.java,edu.ucsb.cs.scaffold.controller.CoursesController,org.pitest.mutationtest.engine.gregor.mutators.returns.NullReturnValsMutator,lambda$listCoursesForCurrentUser$2,233,KILLED,edu.ucsb.cs.scaffold.controller.CoursesControllerTests.[engine:junit-jupiter]/[class:edu.ucsb.cs.scaffold.controller.CoursesControllerTests]/[method:testListCoursesForCurrentUser()]
CoursesController.java,edu.ucsb.cs.scaffold.controller.CoursesController,org.pitest.mutationtest.engine.gregor.mutators.returns.NullReturnValsMutator,lambda$staffCourses$3,279,KILLED,edu.ucsb.cs.scaffold.controller.CoursesControllerTests.[engine:junit-jupiter]/[class:edu.ucsb.cs.scaffold.controller.CoursesControllerTests]/[method:testStudenIsStaffInCourse()]
CoursesController.java,edu.ucsb.cs.scaffold.controller.CoursesController,org.pitest.mutationtest.engine.gregor.mutators.returns.NullReturnValsMutator,lambda$updateCourse$6,388,KILLED,edu.ucsb.cs.scaffold.controller.CoursesControllerTests.[engine:junit-jupiter]/[class:edu.ucsb.cs.scaffold.controller.CoursesControllerTests]/[method:update_course_not_found_returns_not_found()]
CoursesController.java,edu.ucsb.cs.scaffold.controller.CoursesController,org.pitest.mutationtest.engine.gregor.mutators.returns.NullReturnValsMutator,lambda$updateCourseWithCanvasToken$7,420,KILLED,edu.ucsb.cs.scaffold.controller.CoursesControllerTests.[engine:junit-jupiter]/[class:edu.ucsb.cs.scaffold.controller.CoursesControllerTests]/[method:updateCourseCanvasToken_not_found_returns_not_found()]
CoursesController.java,edu.ucsb.cs.scaffold.controller.CoursesController,org.pitest.mutationtest.engine.gregor.mutators.returns.NullReturnValsMutator,lambda$updateInstructorEmail$4,296,KILLED,edu.ucsb.cs.scaffold.controller.CoursesControllerTests.[engine:junit-jupiter]/[class:edu.ucsb.cs.scaffold.controller.CoursesControllerTests]/[method:testUpdateInstructorEmail_courseDoesNotExist()]
CoursesController.java,edu.ucsb.cs.scaffold.controller.CoursesController,org.pitest.mutationtest.engine.gregor.mutators.VoidMethodCallMutator,listCoursesForCurrentUser,221,KILLED,edu.ucsb.cs.scaffold.controller.CoursesControllerTests.[engine:junit-jupiter]/[class:edu.ucsb.cs.scaffold.controller.CoursesControllerTests]/[method:testListCoursesForCurrentUser()]
CoursesController.java,edu.ucsb.cs.scaffold.controller.CoursesController,org.pitest.mutationtest.engine.gregor.mutators.returns.EmptyObjectReturnValsMutator,listCoursesForCurrentUser,222,KILLED,edu.ucsb.cs.scaffold.controller.CoursesControllerTests.[engine:junit-jupiter]/[class:edu.ucsb.cs.scaffold.controller.CoursesControllerTests]/[method:testListCoursesForCurrentUser()]
CoursesController.java,edu.ucsb.cs.scaffold.controller.CoursesController,org.pitest.mutationtest.engine.gregor.mutators.returns.NullReturnValsMutator,postCourse,92,KILLED,edu.ucsb.cs.scaffold.controller.CoursesControllerTests.[engine:junit-jupiter]/[class:edu.ucsb.cs.scaffold.controller.CoursesControllerTests]/[method:testPostCourse_byInstructor()]
CoursesController.java,edu.ucsb.cs.scaffold.controller.CoursesController,org.pitest.mutationtest.engine.gregor.mutators.returns.EmptyObjectReturnValsMutator,staffCourses,268,KILLED,edu.ucsb.cs.scaffold.controller.CoursesControllerTests.[engine:junit-jupiter]/[class:edu.ucsb.cs.scaffold.controller.CoursesControllerTests]/[method:testStudenIsStaffInCourse()]
CoursesController.java,edu.ucsb.cs.scaffold.controller.CoursesController,org.pitest.mutationtest.engine.gregor.mutators.VoidMethodCallMutator,updateCourse,390,KILLED,edu.ucsb.cs.scaffold.controller.CoursesControllerTests.[engine:junit-jupiter]/[class:edu.ucsb.cs.scaffold.controller.CoursesControllerTests]/[method:updateCourse_success_admin()]
CoursesController.java,edu.ucsb.cs.scaffold.controller.CoursesController,org.pitest.mutationtest.engine.gregor.mutators.VoidMethodCallMutator,updateCourse,391,KILLED,edu.ucsb.cs.scaffold.controller.CoursesControllerTests.[engine:junit-jupiter]/[class:edu.ucsb.cs.scaffold.controller.CoursesControllerTests]/[method:updateCourse_success_admin()]
CoursesController.java,edu.ucsb.cs.scaffold.controller.CoursesController,org.pitest.mutationtest.engine.gregor.mutators.VoidMethodCallMutator,updateCourse,392,KILLED,edu.ucsb.cs.scaffold.controller.CoursesControllerTests.[engine:junit-jupiter]/[class:edu.ucsb.cs.scaffold.controller.CoursesControllerTests]/[method:updateCourse_success_admin()]
CoursesController.java,edu.ucsb.cs.scaffold.controller.CoursesController,org.pitest.mutationtest.engine.gregor.mutators.returns.NullReturnValsMutator,updateCourse,396,KILLED,edu.ucsb.cs.scaffold.controller.CoursesControllerTests.[engine:junit-jupiter]/[class:edu.ucsb.cs.scaffold.controller.CoursesControllerTests]/[method:updateCourse_success_admin()]
CoursesController.java,edu.ucsb.cs.scaffold.controller.CoursesController,org.pitest.mutationtest.engine.gregor.mutators.NegateConditionalsMutator,updateCourseWithCanvasToken,422,KILLED,edu.ucsb.cs.scaffold.controller.CoursesControllerTests.[engine:junit-jupiter]/[class:edu.ucsb.cs.scaffold.controller.CoursesControllerTests]/[method:updateCourseCanvasToken_null_params_no_change()]
CoursesController.java,edu.ucsb.cs.scaffold.controller.CoursesController,org.pitest.mutationtest.engine.gregor.mutators.NegateConditionalsMutator,updateCourseWithCanvasToken,423,KILLED,edu.ucsb.cs.scaffold.controller.CoursesControllerTests.[engine:junit-jupiter]/[class:edu.ucsb.cs.scaffold.controller.CoursesControllerTests]/[method:admin_can_updateCourseCanvasToken_created_by_someone_else()]
CoursesController.java,edu.ucsb.cs.scaffold.controller.CoursesController,org.pitest.mutationtest.engine.gregor.mutators.NegateConditionalsMutator,updateCourseWithCanvasToken,424,KILLED,edu.ucsb.cs.scaffold.controller.CoursesControllerTests.[engine:junit-jupiter]/[class:edu.ucsb.cs.scaffold.controller.CoursesControllerTests]/[method:admin_can_updateCourseCanvasToken_created_by_someone_else()]
CoursesController.java,edu.ucsb.cs.scaffold.controller.CoursesController,org.pitest.mutationtest.engine.gregor.mutators.NegateConditionalsMutator,updateCourseWithCanvasToken,428,KILLED,edu.ucsb.cs.scaffold.controller.CoursesControllerTests.[engine:junit-jupiter]/[class:edu.ucsb.cs.scaffold.controller.CoursesControllerTests]/[method:updateCourseCanvasToken_null_params_no_change()]
CoursesController.java,edu.ucsb.cs.scaffold.controller.CoursesController,org.pitest.mutationtest.engine.gregor.mutators.NegateConditionalsMutator,updateCourseWithCanvasToken,429,KILLED,edu.ucsb.cs.scaffold.controller.CoursesControllerTests.[engine:junit-jupiter]/[class:edu.ucsb.cs.scaffold.controller.CoursesControllerTests]/[method:admin_can_updateCourseCanvasToken_created_by_someone_else()]
CoursesController.java,edu.ucsb.cs.scaffold.controller.CoursesController,org.pitest.mutationtest.engine.gregor.mutators.NegateConditionalsMutator,updateCourseWithCanvasToken,430,KILLED,edu.ucsb.cs.scaffold.controller.CoursesControllerTests.[engine:junit-jupiter]/[class:edu.ucsb.cs.scaffold.controller.CoursesControllerTests]/[method:admin_can_updateCourseCanvasToken_created_by_someone_else()]
CoursesController.java,edu.ucsb.cs.scaffold.controller.CoursesController,org.pitest.mutationtest.engine.gregor.mutators.VoidMethodCallMutator,updateCourseWithCanvasToken,425,KILLED,edu.ucsb.cs.scaffold.controller.CoursesControllerTests.[engine:junit-jupiter]/[class:edu.ucsb.cs.scaffold.controller.CoursesControllerTests]/[method:admin_can_updateCourseCanvasToken_created_by_someone_else()]
CoursesController.java,edu.ucsb.cs.scaffold.controller.CoursesController,org.pitest.mutationtest.engine.gregor.mutators.VoidMethodCallMutator,updateCourseWithCanvasToken,431,KILLED,edu.ucsb.cs.scaffold.controller.CoursesControllerTests.[engine:junit-jupiter]/[class:edu.ucsb.cs.scaffold.controller.CoursesControllerTests]/[method:admin_can_updateCourseCanvasToken_created_by_someone_else()]
CoursesController.java,edu.ucsb.cs.scaffold.controller.CoursesController,org.pitest.mutationtest.engine.gregor.mutators.returns.NullReturnValsMutator,updateCourseWithCanvasToken,436,KILLED,edu.ucsb.cs.scaffold.controller.CoursesControllerTests.[engine:junit-jupiter]/[class:edu.ucsb.cs.scaffold.controller.CoursesControllerTests]/[method:updateCourseCanvasToken_success_admin()]
CoursesController.java,edu.ucsb.cs.scaffold.controller.CoursesController,org.pitest.mutationtest.engine.gregor.mutators.NegateConditionalsMutator,updateInstructorEmail,302,KILLED,edu.ucsb.cs.scaffold.controller.CoursesControllerTests.[engine:junit-jupiter]/[class:edu.ucsb.cs.scaffold.controller.CoursesControllerTests]/[method:testUpdateInstructorEmail_emailNotFound()]
CoursesController.java,edu.ucsb.cs.scaffold.controller.CoursesController,org.pitest.mutationtest.engine.gregor.mutators.NegateConditionalsMutator,updateInstructorEmail,302,KILLED,edu.ucsb.cs.scaffold.controller.CoursesControllerTests.[engine:junit-jupiter]/[class:edu.ucsb.cs.scaffold.controller.CoursesControllerTests]/[method:testUpdateInstructorEmail_emailNotFound()]
CoursesController.java,edu.ucsb.cs.scaffold.controller.CoursesController,org.pitest.mutationtest.engine.gregor.mutators.VoidMethodCallMutator,updateInstructorEmail,306,KILLED,edu.ucsb.cs.scaffold.controller.CoursesControllerTests.[engine:junit-jupiter]/[class:edu.ucsb.cs.scaffold.controller.CoursesControllerTests]/[method:testUpdateInstructorEmail_byAdmin_email_is_admin()]
CoursesController.java,edu.ucsb.cs.scaffold.controller.CoursesController,org.pitest.mutationtest.engine.gregor.mutators.returns.NullReturnValsMutator,updateInstructorEmail,309,KILLED,edu.ucsb.cs.scaffold.controller.CoursesControllerTests.[engine:junit-jupiter]/[class:edu.ucsb.cs.scaffold.controller.CoursesControllerTests]/[method:testUpdateInstructorEmail_byAdmin_email_is_admin()]
CoursesController.java,edu.ucsb.cs.scaffold.controller.CoursesController$InstructorCourseView,org.pitest.mutationtest.engine.gregor.mutators.NegateConditionalsMutator,<init>,113,KILLED,edu.ucsb.cs.scaffold.controller.CoursesControllerTests.[engine:junit-jupiter]/[class:edu.ucsb.cs.scaffold.controller.CoursesControllerTests]/[method:testInstructorCourseView_withNullRosterStudents()]
CoursesController.java,edu.ucsb.cs.scaffold.controller.CoursesController$InstructorCourseView,org.pitest.mutationtest.engine.gregor.mutators.NegateConditionalsMutator,<init>,114,KILLED,edu.ucsb.cs.scaffold.controller.CoursesControllerTests.[engine:junit-jupiter]/[class:edu.ucsb.cs.scaffold.controller.CoursesControllerTests]/[method:testInstructorCourseView_withNullCourseStaff()]
HealthController.java,edu.ucsb.cs.scaffold.controller.HealthController,org.pitest.mutationtest.engine.gregor.mutators.returns.EmptyObjectReturnValsMutator,healthCheck,16,KILLED,edu.ucsb.cs.scaffold.ScaffoldApplicationTests.[engine:junit-jupiter]/[class:edu.ucsb.cs.scaffold.ScaffoldApplicationTests]/[method:healthCheckReturnsOk()]
InstructorsController.java,edu.ucsb.cs.scaffold.controller.InstructorsController,org.pitest.mutationtest.engine.gregor.mutators.returns.EmptyObjectReturnValsMutator,allInstructors,41,KILLED,edu.ucsb.cs.scaffold.controller.InstructorsControllerTests.[engine:junit-jupiter]/[class:edu.ucsb.cs.scaffold.controller.InstructorsControllerTests]/[method:logged_in_admins_can_get()]
InstructorsController.java,edu.ucsb.cs.scaffold.controller.InstructorsController,org.pitest.mutationtest.engine.gregor.mutators.NegateConditionalsMutator,deleteInstructor,49,KILLED,edu.ucsb.cs.scaffold.controller.InstructorsControllerTests.[engine:junit-jupiter]/[class:edu.ucsb.cs.scaffold.controller.InstructorsControllerTests]/[method:admin_try_to_delete_a_instructor_not_found()]
InstructorsController.java,edu.ucsb.cs.scaffold.controller.InstructorsController,org.pitest.mutationtest.engine.gregor.mutators.VoidMethodCallMutator,deleteInstructor,53,KILLED,edu.ucsb.cs.scaffold.controller.InstructorsControllerTests.[engine:junit-jupiter]/[class:edu.ucsb.cs.scaffold.controller.InstructorsControllerTests]/[method:logged_in_admins_can_delete()]
InstructorsController.java,edu.ucsb.cs.scaffold.controller.InstructorsController,org.pitest.mutationtest.engine.gregor.mutators.returns.NullReturnValsMutator,deleteInstructor,50,KILLED,edu.ucsb.cs.scaffold.controller.InstructorsControllerTests.[engine:junit-jupiter]/[class:edu.ucsb.cs.scaffold.controller.InstructorsControllerTests]/[method:admin_try_to_delete_a_instructor_not_found()]
InstructorsController.java,edu.ucsb.cs.scaffold.controller.InstructorsController,org.pitest.mutationtest.engine.gregor.mutators.returns.NullReturnValsMutator,deleteInstructor,54,KILLED,edu.ucsb.cs.scaffold.controller.InstructorsControllerTests.[engine:junit-jupiter]/[class:edu.ucsb.cs.scaffold.controller.InstructorsControllerTests]/[method:logged_in_admins_can_delete()]
InstructorsController.java,edu.ucsb.cs.scaffold.controller.InstructorsController,org.pitest.mutationtest.engine.gregor.mutators.returns.NullReturnValsMutator,postInstructor,34,KILLED,edu.ucsb.cs.scaffold.controller.InstructorsControllerTests.[engine:junit-jupiter]/[class:edu.ucsb.cs.scaffold.controller.InstructorsControllerTests]/[method:logged_in_admins_can_post()]
JobsController.java,edu.ucsb.cs.scaffold.controller.JobsController,org.pitest.mutationtest.engine.gregor.mutators.returns.EmptyObjectReturnValsMutator,allJobs,53,KILLED,edu.ucsb.cs.scaffold.controller.JobsControllerDetailedTests.[engine:junit-jupiter]/[class:edu.ucsb.cs.scaffold.controller.JobsControllerDetailedTests]/[method:admin_can_get_all_jobs()]
JobsController.java,edu.ucsb.cs.scaffold.controller.JobsController,org.pitest.mutationtest.engine.gregor.mutators.VoidMethodCallMutator,deleteAllJobs,60,KILLED,edu.ucsb.cs.scaffold.controller.JobsControllerDetailedTests.[engine:junit-jupiter]/[class:edu.ucsb.cs.scaffold.controller.JobsControllerDetailedTests]/[method:admin_can_delete_all_jobs()]
JobsController.java,edu.ucsb.cs.scaffold.controller.JobsController,org.pitest.mutationtest.engine.gregor.mutators.returns.EmptyObjectReturnValsMutator,deleteAllJobs,61,KILLED,edu.ucsb.cs.scaffold.controller.JobsControllerDetailedTests.[engine:junit-jupiter]/[class:edu.ucsb.cs.scaffold.controller.JobsControllerDetailedTests]/[method:admin_can_delete_all_jobs()]
JobsController.java,edu.ucsb.cs.scaffold.controller.JobsController,org.pitest.mutationtest.engine.gregor.mutators.NegateConditionalsMutator,deleteAllJobs,81,KILLED,edu.ucsb.cs.scaffold.controller.JobsControllerDetailedTests.[engine:junit-jupiter]/[class:edu.ucsb.cs.scaffold.controller.JobsControllerDetailedTests]/[method:admin_can_delete_specific_job()]
JobsController.java,edu.ucsb.cs.scaffold.controller.JobsController,org.pitest.mutationtest.engine.gregor.mutators.VoidMethodCallMutator,deleteAllJobs,84,KILLED,edu.ucsb.cs.scaffold.controller.JobsControllerDetailedTests.[engine:junit-jupiter]/[class:edu.ucsb.cs.scaffold.controller.JobsControllerDetailedTests]/[method:admin_can_delete_specific_job()]
JobsController.java,edu.ucsb.cs.scaffold.controller.JobsController,org.pitest.mutationtest.engine.gregor.mutators.returns.EmptyObjectReturnValsMutator,deleteAllJobs,82,KILLED,edu.ucsb.cs.scaffold.controller.JobsControllerDetailedTests.[engine:junit-jupiter]/[class:edu.ucsb.cs.scaffold.controller.JobsControllerDetailedTests]/[method:admin_gets_reasonable_error_when_deleting_non_existing_job()]
JobsController.java,edu.ucsb.cs.scaffold.controller.JobsController,org.pitest.mutationtest.engine.gregor.mutators.returns.EmptyObjectReturnValsMutator,deleteAllJobs,85,KILLED,edu.ucsb.cs.scaffold.controller.JobsControllerDetailedTests.[engine:junit-jupiter]/[class:edu.ucsb.cs.scaffold.controller.JobsControllerDetailedTests]/[method:admin_can_delete_specific_job()]
JobsController.java,edu.ucsb.cs.scaffold.controller.JobsController,org.pitest.mutationtest.engine.gregor.mutators.returns.NullReturnValsMutator,getJobLogById,74,KILLED,edu.ucsb.cs.scaffold.controller.JobsControllerDetailedTests.[engine:junit-jupiter]/[class:edu.ucsb.cs.scaffold.controller.JobsControllerDetailedTests]/[method:api_getJobLogById__admin_logged_in__returns_job_by_id()]
JobsController.java,edu.ucsb.cs.scaffold.controller.JobsController,org.pitest.mutationtest.engine.gregor.mutators.returns.EmptyObjectReturnValsMutator,getJobLogs,93,KILLED,edu.ucsb.cs.scaffold.controller.JobsControllerDetailedTests.[engine:junit-jupiter]/[class:edu.ucsb.cs.scaffold.controller.JobsControllerDetailedTests]/[method:test_getJobLogs_admin_can_get_job_log()]
JobsController.java,edu.ucsb.cs.scaffold.controller.JobsController,org.pitest.mutationtest.engine.gregor.mutators.returns.EmptyObjectReturnValsMutator,jobsByCourse,113,KILLED,edu.ucsb.cs.scaffold.controller.JobsControllerDetailedTests.[engine:junit-jupiter]/[class:edu.ucsb.cs.scaffold.controller.JobsControllerDetailedTests]/[method:admin_can_get_jobs_by_course()]
JobsController.java,edu.ucsb.cs.scaffold.controller.JobsController,org.pitest.mutationtest.engine.gregor.mutators.returns.NullReturnValsMutator,lambda$getJobLogById$0,72,KILLED,edu.ucsb.cs.scaffold.controller.JobsControllerDetailedTests.[engine:junit-jupiter]/[class:edu.ucsb.cs.scaffold.controller.JobsControllerDetailedTests]/[method:api_getJobLogById__admin_logged_in__returns_not_found_for_missing_job()]
JobsController.java,edu.ucsb.cs.scaffold.controller.JobsController,org.pitest.mutationtest.engine.gregor.mutators.returns.NullReturnValsMutator,launchUpdateAllJob,102,KILLED,edu.ucsb.cs.scaffold.controller.JobsControllerDetailedTests.[engine:junit-jupiter]/[class:edu.ucsb.cs.scaffold.controller.JobsControllerDetailedTests]/[method:admin_can_launch_updateAll_job()]
PrairieLearnController.java,edu.ucsb.cs.scaffold.controller.PrairieLearnController,org.pitest.mutationtest.engine.gregor.mutators.VoidMethodCallMutator,testPrairieLearn,38,KILLED,edu.ucsb.cs.scaffold.controller.PrairieLearnControllerTests.[engine:junit-jupiter]/[class:edu.ucsb.cs.scaffold.controller.PrairieLearnControllerTests]/[method:testPrairieLearnSetsPrivateTokenHeader()]
PrairieLearnController.java,edu.ucsb.cs.scaffold.controller.PrairieLearnController,org.pitest.mutationtest.engine.gregor.mutators.returns.NullReturnValsMutator,testPrairieLearn,46,KILLED,edu.ucsb.cs.scaffold.controller.PrairieLearnControllerTests.[engine:junit-jupiter]/[class:edu.ucsb.cs.scaffold.controller.PrairieLearnControllerTests]/[method:testPrairieLearnReturnsBodyFromApi()]
QuestionController.java,edu.ucsb.cs.scaffold.controller.QuestionController,org.pitest.mutationtest.engine.gregor.mutators.returns.EmptyObjectReturnValsMutator,getQuestionConcepts,26,KILLED,edu.ucsb.cs.scaffold.controller.QuestionControllerTests.[engine:junit-jupiter]/[class:edu.ucsb.cs.scaffold.controller.QuestionControllerTests]/[method:any_user_can_get_concepts_for_question()]
SystemInfoController.java,edu.ucsb.cs.scaffold.controller.SystemInfoController,org.pitest.mutationtest.engine.gregor.mutators.returns.NullReturnValsMutator,getSystemInfo,22,KILLED,edu.ucsb.cs.scaffold.ScaffoldApplicationTests.[engine:junit-jupiter]/[class:edu.ucsb.cs.scaffold.ScaffoldApplicationTests]/[method:getSystemInfoReturnsOk()]
UserActivityController.java,edu.ucsb.cs.scaffold.controller.UserActivityController,org.pitest.mutationtest.engine.gregor.mutators.NegateConditionalsMutator,insertUserActivity,26,KILLED,edu.ucsb.cs.scaffold.controller.UserActivityControllerTests.[engine:junit-jupiter]/[class:edu.ucsb.cs.scaffold.controller.UserActivityControllerTests]/[method:post_with_null_userid_returns_400()]
UserActivityController.java,edu.ucsb.cs.scaffold.controller.UserActivityController,org.pitest.mutationtest.engine.gregor.mutators.NegateConditionalsMutator,insertUserActivity,26,KILLED,edu.ucsb.cs.scaffold.controller.UserActivityControllerTests.[engine:junit-jupiter]/[class:edu.ucsb.cs.scaffold.controller.UserActivityControllerTests]/[method:post_with_null_event_type_returns_400()]
UserActivityController.java,edu.ucsb.cs.scaffold.controller.UserActivityController,org.pitest.mutationtest.engine.gregor.mutators.NegateConditionalsMutator,insertUserActivity,26,KILLED,edu.ucsb.cs.scaffold.controller.UserActivityControllerTests.[engine:junit-jupiter]/[class:edu.ucsb.cs.scaffold.controller.UserActivityControllerTests]/[method:post_with_payload_saves_serialized_json_string()]
UserActivityController.java,edu.ucsb.cs.scaffold.controller.UserActivityController,org.pitest.mutationtest.engine.gregor.mutators.NegateConditionalsMutator,insertUserActivity,34,KILLED,edu.ucsb.cs.scaffold.controller.UserActivityControllerTests.[engine:junit-jupiter]/[class:edu.ucsb.cs.scaffold.controller.UserActivityControllerTests]/[method:post_with_payload_saves_serialized_json_string()]
UserActivityController.java,edu.ucsb.cs.scaffold.controller.UserActivityController,org.pitest.mutationtest.engine.gregor.mutators.VoidMethodCallMutator,insertUserActivity,31,KILLED,edu.ucsb.cs.scaffold.ScaffoldApplicationTests.[engine:junit-jupiter]/[class:edu.ucsb.cs.scaffold.ScaffoldApplicationTests]/[method:insertUserActivityWithNullPayloadSucceeds()]
UserActivityController.java,edu.ucsb.cs.scaffold.controller.UserActivityController,org.pitest.mutationtest.engine.gregor.mutators.VoidMethodCallMutator,insertUserActivity,32,KILLED,edu.ucsb.cs.scaffold.ScaffoldApplicationTests.[engine:junit-jupiter]/[class:edu.ucsb.cs.scaffold.ScaffoldApplicationTests]/[method:insertUserActivityWithNullPayloadSucceeds()]
UserActivityController.java,edu.ucsb.cs.scaffold.controller.UserActivityController,org.pitest.mutationtest.engine.gregor.mutators.VoidMethodCallMutator,insertUserActivity,33,KILLED,edu.ucsb.cs.scaffold.controller.UserActivityControllerTests.[engine:junit-jupiter]/[class:edu.ucsb.cs.scaffold.controller.UserActivityControllerTests]/[method:post_with_payload_saves_serialized_json_string()]
UserActivityController.java,edu.ucsb.cs.scaffold.controller.UserActivityController,org.pitest.mutationtest.engine.gregor.mutators.returns.NullReturnValsMutator,insertUserActivity,27,KILLED,edu.ucsb.cs.scaffold.controller.UserActivityControllerTests.[engine:junit-jupiter]/[class:edu.ucsb.cs.scaffold.controller.UserActivityControllerTests]/[method:post_with_null_userid_returns_400()]
UserActivityController.java,edu.ucsb.cs.scaffold.controller.UserActivityController,org.pitest.mutationtest.engine.gregor.mutators.returns.NullReturnValsMutator,insertUserActivity,36,KILLED,edu.ucsb.cs.scaffold.controller.UserActivityControllerTests.[engine:junit-jupiter]/[class:edu.ucsb.cs.scaffold.controller.UserActivityControllerTests]/[method:post_with_payload_saves_serialized_json_string()]
UserActivityController.java,edu.ucsb.cs.scaffold.controller.UserActivityController,org.pitest.mutationtest.engine.gregor.mutators.returns.EmptyObjectReturnValsMutator,writeJson,41,KILLED,edu.ucsb.cs.scaffold.controller.UserActivityControllerTests.[engine:junit-jupiter]/[class:edu.ucsb.cs.scaffold.controller.UserActivityControllerTests]/[method:post_with_payload_saves_serialized_json_string()]
UserInfoController.java,edu.ucsb.cs.scaffold.controller.UserInfoController,org.pitest.mutationtest.engine.gregor.mutators.returns.NullReturnValsMutator,getCurrentUser,20,KILLED,edu.ucsb.cs.scaffold.UserInfoControllerTests.[engine:junit-jupiter]/[class:edu.ucsb.cs.scaffold.UserInfoControllerTests]/[method:getCurrentUserWhenAuthenticatedReturns200()]
UserStateController.java,edu.ucsb.cs.scaffold.controller.UserStateController,org.pitest.mutationtest.engine.gregor.mutators.returns.NullReturnValsMutator,getUserState,30,KILLED,edu.ucsb.cs.scaffold.ScaffoldApplicationTests.[engine:junit-jupiter]/[class:edu.ucsb.cs.scaffold.ScaffoldApplicationTests]/[method:missingUserStateReturns404()]
UserStateController.java,edu.ucsb.cs.scaffold.controller.UserStateController,org.pitest.mutationtest.engine.gregor.mutators.returns.NullReturnValsMutator,lambda$getUserState$0,34,KILLED,edu.ucsb.cs.scaffold.ScaffoldApplicationTests.[engine:junit-jupiter]/[class:edu.ucsb.cs.scaffold.ScaffoldApplicationTests]/[method:userStateCanBeUpsertedAndFetchedByUserId()]
UserStateController.java,edu.ucsb.cs.scaffold.controller.UserStateController,org.pitest.mutationtest.engine.gregor.mutators.returns.NullReturnValsMutator,lambda$getUserState$1,39,KILLED,edu.ucsb.cs.scaffold.ScaffoldApplicationTests.[engine:junit-jupiter]/[class:edu.ucsb.cs.scaffold.ScaffoldApplicationTests]/[method:missingUserStateReturns404()]
UserStateController.java,edu.ucsb.cs.scaffold.controller.UserStateController,org.pitest.mutationtest.engine.gregor.mutators.returns.NullReturnValsMutator,parseJsonNode,72,KILLED,edu.ucsb.cs.scaffold.ScaffoldApplicationTests.[engine:junit-jupiter]/[class:edu.ucsb.cs.scaffold.ScaffoldApplicationTests]/[method:userStateCanBeUpsertedAndFetchedByUserId()]
UserStateController.java,edu.ucsb.cs.scaffold.controller.UserStateController,org.pitest.mutationtest.engine.gregor.mutators.returns.EmptyObjectReturnValsMutator,parseStringList,64,KILLED,edu.ucsb.cs.scaffold.ScaffoldApplicationTests.[engine:junit-jupiter]/[class:edu.ucsb.cs.scaffold.ScaffoldApplicationTests]/[method:userStateCanBeUpsertedAndFetchedByUserId()]
UserStateController.java,edu.ucsb.cs.scaffold.controller.UserStateController,org.pitest.mutationtest.engine.gregor.mutators.NegateConditionalsMutator,upsertUserState,45,KILLED,edu.ucsb.cs.scaffold.controller.UserStateControllerExceptionTests.[engine:junit-jupiter]/[class:edu.ucsb.cs.scaffold.controller.UserStateControllerExceptionTests]/[method:writeJsonThrowsIllegalArgumentOnJsonProcessingException()]
UserStateController.java,edu.ucsb.cs.scaffold.controller.UserStateController,org.pitest.mutationtest.engine.gregor.mutators.NegateConditionalsMutator,upsertUserState,51,KILLED,edu.ucsb.cs.scaffold.ScaffoldApplicationTests.[engine:junit-jupiter]/[class:edu.ucsb.cs.scaffold.ScaffoldApplicationTests]/[method:userStateCanBeUpsertedAndFetchedByUserId()]
UserStateController.java,edu.ucsb.cs.scaffold.controller.UserStateController,org.pitest.mutationtest.engine.gregor.mutators.NegateConditionalsMutator,upsertUserState,54,KILLED,edu.ucsb.cs.scaffold.ScaffoldApplicationTests.[engine:junit-jupiter]/[class:edu.ucsb.cs.scaffold.ScaffoldApplicationTests]/[method:userStateCanBeUpsertedAndFetchedByUserId()]
UserStateController.java,edu.ucsb.cs.scaffold.controller.UserStateController,org.pitest.mutationtest.engine.gregor.mutators.NegateConditionalsMutator,upsertUserState,56,KILLED,edu.ucsb.cs.scaffold.ScaffoldApplicationTests.[engine:junit-jupiter]/[class:edu.ucsb.cs.scaffold.ScaffoldApplicationTests]/[method:userStateCanBeUpsertedAndFetchedByUserId()]
UserStateController.java,edu.ucsb.cs.scaffold.controller.UserStateController,org.pitest.mutationtest.engine.gregor.mutators.VoidMethodCallMutator,upsertUserState,50,KILLED,edu.ucsb.cs.scaffold.ScaffoldApplicationTests.[engine:junit-jupiter]/[class:edu.ucsb.cs.scaffold.ScaffoldApplicationTests]/[method:userStateCanBeUpsertedAndFetchedByUserId()]
UserStateController.java,edu.ucsb.cs.scaffold.controller.UserStateController,org.pitest.mutationtest.engine.gregor.mutators.VoidMethodCallMutator,upsertUserState,51,KILLED,edu.ucsb.cs.scaffold.ScaffoldApplicationTests.[engine:junit-jupiter]/[class:edu.ucsb.cs.scaffold.ScaffoldApplicationTests]/[method:userStateCanBeUpsertedAndFetchedByUserId()]
UserStateController.java,edu.ucsb.cs.scaffold.controller.UserStateController,org.pitest.mutationtest.engine.gregor.mutators.VoidMethodCallMutator,upsertUserState,52,KILLED,edu.ucsb.cs.scaffold.ScaffoldApplicationTests.[engine:junit-jupiter]/[class:edu.ucsb.cs.scaffold.ScaffoldApplicationTests]/[method:userStateCanBeUpsertedAndFetchedByUserId()]
UserStateController.java,edu.ucsb.cs.scaffold.controller.UserStateController,org.pitest.mutationtest.engine.gregor.mutators.VoidMethodCallMutator,upsertUserState,55,KILLED,edu.ucsb.cs.scaffold.ScaffoldApplicationTests.[engine:junit-jupiter]/[class:edu.ucsb.cs.scaffold.ScaffoldApplicationTests]/[method:userStateCanBeUpsertedAndFetchedByUserId()]
UserStateController.java,edu.ucsb.cs.scaffold.controller.UserStateController,org.pitest.mutationtest.engine.gregor.mutators.returns.NullReturnValsMutator,upsertUserState,46,KILLED,edu.ucsb.cs.scaffold.ScaffoldApplicationTests.[engine:junit-jupiter]/[class:edu.ucsb.cs.scaffold.ScaffoldApplicationTests]/[method:upsertUserStateWithNullUseridReturnsBadRequest()]
UserStateController.java,edu.ucsb.cs.scaffold.controller.UserStateController,org.pitest.mutationtest.engine.gregor.mutators.returns.NullReturnValsMutator,upsertUserState,59,KILLED,edu.ucsb.cs.scaffold.ScaffoldApplicationTests.[engine:junit-jupiter]/[class:edu.ucsb.cs.scaffold.ScaffoldApplicationTests]/[method:userStateCanBeUpsertedAndFetchedByUserId()]
UserStateController.java,edu.ucsb.cs.scaffold.controller.UserStateController,org.pitest.mutationtest.engine.gregor.mutators.returns.EmptyObjectReturnValsMutator,writeJson,80,KILLED,edu.ucsb.cs.scaffold.ScaffoldApplicationTests.[engine:junit-jupiter]/[class:edu.ucsb.cs.scaffold.ScaffoldApplicationTests]/[method:userStateCanBeUpsertedAndFetchedByUserId()]
School.java,edu.ucsb.cs.scaffold.enums.School,org.pitest.mutationtest.engine.gregor.mutators.NegateConditionalsMutator,fromKey,34,KILLED,edu.ucsb.cs.scaffold.enums.SchoolTests.[engine:junit-jupiter]/[class:edu.ucsb.cs.scaffold.enums.SchoolTests]/[method:proper_serialization()]
School.java,edu.ucsb.cs.scaffold.enums.School,org.pitest.mutationtest.engine.gregor.mutators.NegateConditionalsMutator,fromKey,37,KILLED,edu.ucsb.cs.scaffold.enums.SchoolTests.[engine:junit-jupiter]/[class:edu.ucsb.cs.scaffold.enums.SchoolTests]/[method:proper_serialization()]
School.java,edu.ucsb.cs.scaffold.enums.School,org.pitest.mutationtest.engine.gregor.mutators.NegateConditionalsMutator,fromKey,40,KILLED,edu.ucsb.cs.scaffold.enums.SchoolTests.[engine:junit-jupiter]/[class:edu.ucsb.cs.scaffold.enums.SchoolTests]/[method:proper_serialization()]
School.java,edu.ucsb.cs.scaffold.enums.School,org.pitest.mutationtest.engine.gregor.mutators.returns.NullReturnValsMutator,fromKey,38,KILLED,edu.ucsb.cs.scaffold.enums.SchoolTests.[engine:junit-jupiter]/[class:edu.ucsb.cs.scaffold.enums.SchoolTests]/[method:proper_serialization()]
School.java,edu.ucsb.cs.scaffold.enums.School,org.pitest.mutationtest.engine.gregor.mutators.returns.NullReturnValsMutator,fromKey,41,KILLED,edu.ucsb.cs.scaffold.enums.SchoolTests.[engine:junit-jupiter]/[class:edu.ucsb.cs.scaffold.enums.SchoolTests]/[method:proper_serialization()]
RoleUpdateInterceptor.java,edu.ucsb.cs.scaffold.interceptors.RoleUpdateInterceptor,org.pitest.mutationtest.engine.gregor.mutators.NegateConditionalsMutator,lambda$preHandle$0,51,KILLED,edu.ucsb.cs.scaffold.interceptors.RoleUpdateInterceptorTests.[engine:junit-jupiter]/[class:edu.ucsb.cs.scaffold.interceptors.RoleUpdateInterceptorTests]/[method:instructor_role_removed_when_user_loses_instructor_status()]
RoleUpdateInterceptor.java,edu.ucsb.cs.scaffold.interceptors.RoleUpdateInterceptor,org.pitest.mutationtest.engine.gregor.mutators.NegateConditionalsMutator,lambda$preHandle$0,52,KILLED,edu.ucsb.cs.scaffold.interceptors.RoleUpdateInterceptorTests.[engine:junit-jupiter]/[class:edu.ucsb.cs.scaffold.interceptors.RoleUpdateInterceptorTests]/[method:instructor_role_removed_when_user_loses_instructor_status()]
RoleUpdateInterceptor.java,edu.ucsb.cs.scaffold.interceptors.RoleUpdateInterceptor,org.pitest.mutationtest.engine.gregor.mutators.returns.BooleanTrueReturnValsMutator,lambda$preHandle$0,51,KILLED,edu.ucsb.cs.scaffold.interceptors.RoleUpdateInterceptorTests.[engine:junit-jupiter]/[class:edu.ucsb.cs.scaffold.interceptors.RoleUpdateInterceptorTests]/[method:instructor_role_removed_when_user_loses_instructor_status()]
RoleUpdateInterceptor.java,edu.ucsb.cs.scaffold.interceptors.RoleUpdateInterceptor,org.pitest.mutationtest.engine.gregor.mutators.NegateConditionalsMutator,preHandle,42,KILLED,edu.ucsb.cs.scaffold.interceptors.RoleUpdateInterceptorTests.[engine:junit-jupiter]/[class:edu.ucsb.cs.scaffold.interceptors.RoleUpdateInterceptorTests]/[method:non_oauth_authentication_passes_through_unchanged()]
RoleUpdateInterceptor.java,edu.ucsb.cs.scaffold.interceptors.RoleUpdateInterceptor,org.pitest.mutationtest.engine.gregor.mutators.NegateConditionalsMutator,preHandle,43,KILLED,edu.ucsb.cs.scaffold.interceptors.RoleUpdateInterceptorTests.[engine:junit-jupiter]/[class:edu.ucsb.cs.scaffold.interceptors.RoleUpdateInterceptorTests]/[method:oauth2_non_oidc_authentication_passes_through_unchanged()]
RoleUpdateInterceptor.java,edu.ucsb.cs.scaffold.interceptors.RoleUpdateInterceptor,org.pitest.mutationtest.engine.gregor.mutators.NegateConditionalsMutator,preHandle,55,KILLED,edu.ucsb.cs.scaffold.interceptors.RoleUpdateInterceptorTests.[engine:junit-jupiter]/[class:edu.ucsb.cs.scaffold.interceptors.RoleUpdateInterceptorTests]/[method:instructor_role_removed_when_user_loses_instructor_status()]
RoleUpdateInterceptor.java,edu.ucsb.cs.scaffold.interceptors.RoleUpdateInterceptor,org.pitest.mutationtest.engine.gregor.mutators.NegateConditionalsMutator,preHandle,57,KILLED,edu.ucsb.cs.scaffold.interceptors.RoleUpdateInterceptorTests.[engine:junit-jupiter]/[class:edu.ucsb.cs.scaffold.interceptors.RoleUpdateInterceptorTests]/[method:instructor_role_removed_when_user_loses_instructor_status()]
RoleUpdateInterceptor.java,edu.ucsb.cs.scaffold.interceptors.RoleUpdateInterceptor,org.pitest.mutationtest.engine.gregor.mutators.VoidMethodCallMutator,preHandle,53,KILLED,edu.ucsb.cs.scaffold.interceptors.RoleUpdateInterceptorTests.[engine:junit-jupiter]/[class:edu.ucsb.cs.scaffold.interceptors.RoleUpdateInterceptorTests]/[method:instructor_role_removed_when_user_loses_instructor_status()]
RoleUpdateInterceptor.java,edu.ucsb.cs.scaffold.interceptors.RoleUpdateInterceptor,org.pitest.mutationtest.engine.gregor.mutators.returns.BooleanFalseReturnValsMutator,preHandle,67,KILLED,edu.ucsb.cs.scaffold.ScaffoldApplicationTests.[engine:junit-jupiter]/[class:edu.ucsb.cs.scaffold.ScaffoldApplicationTests]/[method:upsertUserStateWithNullUseridReturnsBadRequest()]
TestJob.java,edu.ucsb.cs.scaffold.jobs.TestJob,org.pitest.mutationtest.engine.gregor.mutators.NegateConditionalsMutator,accept,18,KILLED,edu.ucsb.cs.scaffold.jobs.TestJobTests.[engine:junit-jupiter]/[class:edu.ucsb.cs.scaffold.jobs.TestJobTests]/[method:test_TestJob_fails()]
TestJob.java,edu.ucsb.cs.scaffold.jobs.TestJob,org.pitest.mutationtest.engine.gregor.mutators.VoidMethodCallMutator,accept,16,KILLED,edu.ucsb.cs.scaffold.jobs.TestJobTests.[engine:junit-jupiter]/[class:edu.ucsb.cs.scaffold.jobs.TestJobTests]/[method:test_TestJob_fails()]
TestJob.java,edu.ucsb.cs.scaffold.jobs.TestJob,org.pitest.mutationtest.engine.gregor.mutators.VoidMethodCallMutator,accept,17,KILLED,edu.ucsb.cs.scaffold.jobs.TestJobTests.[engine:junit-jupiter]/[class:edu.ucsb.cs.scaffold.jobs.TestJobTests]/[method:test_TestJob_succeeds()]
TestJob.java,edu.ucsb.cs.scaffold.jobs.TestJob,org.pitest.mutationtest.engine.gregor.mutators.VoidMethodCallMutator,accept,21,KILLED,edu.ucsb.cs.scaffold.jobs.TestJobTests.[engine:junit-jupiter]/[class:edu.ucsb.cs.scaffold.jobs.TestJobTests]/[method:test_TestJob_succeeds()]
UpdateAllJob.java,edu.ucsb.cs.scaffold.jobs.UpdateAllJob,org.pitest.mutationtest.engine.gregor.mutators.VoidMethodCallMutator,accept,21,KILLED,edu.ucsb.cs.scaffold.jobs.UpdateAllJobTests.[engine:junit-jupiter]/[class:edu.ucsb.cs.scaffold.jobs.UpdateAllJobTests]/[method:test_UpdateAllJob()]
UpdateAllJob.java,edu.ucsb.cs.scaffold.jobs.UpdateAllJob,org.pitest.mutationtest.engine.gregor.mutators.VoidMethodCallMutator,accept,22,KILLED,edu.ucsb.cs.scaffold.jobs.UpdateAllJobTests.[engine:junit-jupiter]/[class:edu.ucsb.cs.scaffold.jobs.UpdateAllJobTests]/[method:test_UpdateAllJob()]
UpdateAllJob.java,edu.ucsb.cs.scaffold.jobs.UpdateAllJob,org.pitest.mutationtest.engine.gregor.mutators.VoidMethodCallMutator,accept,23,KILLED,edu.ucsb.cs.scaffold.jobs.UpdateAllJobTests.[engine:junit-jupiter]/[class:edu.ucsb.cs.scaffold.jobs.UpdateAllJobTests]/[method:test_UpdateAllJob()]
RosterStudentDTO.java,edu.ucsb.cs.scaffold.model.RosterStudentDTO,org.pitest.mutationtest.engine.gregor.mutators.NegateConditionalsMutator,<init>,30,KILLED,edu.ucsb.cs.scaffold.model.RosterStudentDTOTests.[engine:junit-jupiter]/[class:edu.ucsb.cs.scaffold.model.RosterStudentDTOTests]/[method:test_from_when_user_is_null()]
CurrentUserService.java,edu.ucsb.cs.scaffold.services.CurrentUserService,org.pitest.mutationtest.engine.gregor.mutators.NegateConditionalsMutator,isLoggedIn,17,KILLED,edu.ucsb.cs.scaffold.services.CurrentUserServiceTests.[engine:junit-jupiter]/[class:edu.ucsb.cs.scaffold.services.CurrentUserServiceTests]/[method:isLoggedInReturnsFalseWhenUserIsNull()]
CurrentUserService.java,edu.ucsb.cs.scaffold.services.CurrentUserService,org.pitest.mutationtest.engine.gregor.mutators.returns.BooleanTrueReturnValsMutator,isLoggedIn,17,KILLED,edu.ucsb.cs.scaffold.services.CurrentUserServiceTests.[engine:junit-jupiter]/[class:edu.ucsb.cs.scaffold.services.CurrentUserServiceTests]/[method:isLoggedInReturnsFalseWhenUserIsNull()]
SystemInfoServiceImpl.java,edu.ucsb.cs.scaffold.services.SystemInfoServiceImpl,org.pitest.mutationtest.engine.gregor.mutators.returns.NullReturnValsMutator,getSystemInfo,45,KILLED,edu.ucsb.cs.scaffold.ScaffoldApplicationTests.[engine:junit-jupiter]/[class:edu.ucsb.cs.scaffold.ScaffoldApplicationTests]/[method:getSystemInfoReturnsOk()]
UpdateUserService.java,edu.ucsb.cs.scaffold.services.UpdateUserService,org.pitest.mutationtest.engine.gregor.mutators.VoidMethodCallMutator,attachCourseStaff,44,KILLED,edu.ucsb.cs.scaffold.services.UpdateUserServiceTests.[engine:junit-jupiter]/[class:edu.ucsb.cs.scaffold.services.UpdateUserServiceTests]/[method:testAttachCourseStaff()]
UpdateUserService.java,edu.ucsb.cs.scaffold.services.UpdateUserService,org.pitest.mutationtest.engine.gregor.mutators.ConditionalsBoundaryMutator,attachRosterStudents,29,KILLED,edu.ucsb.cs.scaffold.services.UpdateUserServiceTests.[engine:junit-jupiter]/[class:edu.ucsb.cs.scaffold.services.UpdateUserServiceTests]/[method:testAttachRosterStudents()]
UpdateUserService.java,edu.ucsb.cs.scaffold.services.UpdateUserService,org.pitest.mutationtest.engine.gregor.mutators.NegateConditionalsMutator,attachRosterStudents,29,KILLED,edu.ucsb.cs.scaffold.services.UpdateUserServiceTests.[engine:junit-jupiter]/[class:edu.ucsb.cs.scaffold.services.UpdateUserServiceTests]/[method:testAttachRosterStudents()]
UpdateUserService.java,edu.ucsb.cs.scaffold.services.UpdateUserService,org.pitest.mutationtest.engine.gregor.mutators.VoidMethodCallMutator,attachRosterStudents,31,KILLED,edu.ucsb.cs.scaffold.services.UpdateUserServiceTests.[engine:junit-jupiter]/[class:edu.ucsb.cs.scaffold.services.UpdateUserServiceTests]/[method:testAttachRosterStudents()]
UpdateUserService.java,edu.ucsb.cs.scaffold.services.UpdateUserService,org.pitest.mutationtest.engine.gregor.mutators.VoidMethodCallMutator,attachRosterStudentsAllUsers,53,KILLED,edu.ucsb.cs.scaffold.services.UpdateUserServiceTests.[engine:junit-jupiter]/[class:edu.ucsb.cs.scaffold.services.UpdateUserServiceTests]/[method:testAttachRosterStudentsAllUsers()]
UpdateUserService.java,edu.ucsb.cs.scaffold.services.UpdateUserService,org.pitest.mutationtest.engine.gregor.mutators.NegateConditionalsMutator,attachUserToCourseStaff,79,KILLED,edu.ucsb.cs.scaffold.services.UpdateUserServiceTests.[engine:junit-jupiter]/[class:edu.ucsb.cs.scaffold.services.UpdateUserServiceTests]/[method:testAttachUserToCourseStaff_userDoesNotExist()]
UpdateUserService.java,edu.ucsb.cs.scaffold.services.UpdateUserService,org.pitest.mutationtest.engine.gregor.mutators.VoidMethodCallMutator,attachUserToCourseStaff,81,KILLED,edu.ucsb.cs.scaffold.services.UpdateUserServiceTests.[engine:junit-jupiter]/[class:edu.ucsb.cs.scaffold.services.UpdateUserServiceTests]/[method:testAttachUserToCourseStaff_userExists()]
UpdateUserService.java,edu.ucsb.cs.scaffold.services.UpdateUserService,org.pitest.mutationtest.engine.gregor.mutators.NegateConditionalsMutator,attachUserToRosterStudent,61,KILLED,edu.ucsb.cs.scaffold.services.UpdateUserServiceTests.[engine:junit-jupiter]/[class:edu.ucsb.cs.scaffold.services.UpdateUserServiceTests]/[method:testAttachUserToRosterStudent_userDoesNotExist()]
UpdateUserService.java,edu.ucsb.cs.scaffold.services.UpdateUserService,org.pitest.mutationtest.engine.gregor.mutators.VoidMethodCallMutator,attachUserToRosterStudent,63,KILLED,edu.ucsb.cs.scaffold.services.UpdateUserServiceTests.[engine:junit-jupiter]/[class:edu.ucsb.cs.scaffold.services.UpdateUserServiceTests]/[method:testAttachUserToRosterStudent_userExists()]
UpdateUserService.java,edu.ucsb.cs.scaffold.services.UpdateUserService,org.pitest.mutationtest.engine.gregor.mutators.VoidMethodCallMutator,attachUsersToRosterStudents,71,KILLED,edu.ucsb.cs.scaffold.services.UpdateUserServiceTests.[engine:junit-jupiter]/[class:edu.ucsb.cs.scaffold.services.UpdateUserServiceTests]/[method:testAttachUsesrToRosterStudents_userExists()]
JobContext.java,edu.ucsb.cs.scaffold.services.jobs.JobContext,org.pitest.mutationtest.engine.gregor.mutators.NegateConditionalsMutator,log,16,KILLED,edu.ucsb.cs.scaffold.services.jobs.JobContextTests.[engine:junit-jupiter]/[class:edu.ucsb.cs.scaffold.services.jobs.JobContextTests]/[method:when_jobs_repository_is_null_does_not_save()]
JobContext.java,edu.ucsb.cs.scaffold.services.jobs.JobContext,org.pitest.mutationtest.engine.gregor.mutators.NegateConditionalsMutator,log,18,KILLED,edu.ucsb.cs.scaffold.services.jobs.JobContextTests.[engine:junit-jupiter]/[class:edu.ucsb.cs.scaffold.services.jobs.JobContextTests]/[method:when_jobs_repository_is_null_does_not_save()]
JobContext.java,edu.ucsb.cs.scaffold.services.jobs.JobContext,org.pitest.mutationtest.engine.gregor.mutators.VoidMethodCallMutator,log,17,KILLED,edu.ucsb.cs.scaffold.services.jobs.JobContextTests.[engine:junit-jupiter]/[class:edu.ucsb.cs.scaffold.services.jobs.JobContextTests]/[method:when_jobs_repository_is_null_does_not_save()]
JobContextFactory.java,edu.ucsb.cs.scaffold.services.jobs.JobContextFactory,org.pitest.mutationtest.engine.gregor.mutators.returns.NullReturnValsMutator,createContext,16,KILLED,edu.ucsb.cs.scaffold.services.jobs.JobContextFactoryTests.[engine:junit-jupiter]/[class:edu.ucsb.cs.scaffold.services.jobs.JobContextFactoryTests]/[method:factory_returns_jobContext()]
JobService.java,edu.ucsb.cs.scaffold.services.jobs.JobService,org.pitest.mutationtest.engine.gregor.mutators.NegateConditionalsMutator,getJobLogs,98,KILLED,edu.ucsb.cs.scaffold.services.JobServiceTests.[engine:junit-jupiter]/[class:edu.ucsb.cs.scaffold.services.JobServiceTests]/[method:test_getJobLogs_with_null_log()]
JobService.java,edu.ucsb.cs.scaffold.services.jobs.JobService,org.pitest.mutationtest.engine.gregor.mutators.returns.NullReturnValsMutator,lambda$getJobLogs$1,95,KILLED,edu.ucsb.cs.scaffold.services.JobServiceTests.[engine:junit-jupiter]/[class:edu.ucsb.cs.scaffold.services.JobServiceTests]/[method:test_getJobLogs_job_not_found()]
JobService.java,edu.ucsb.cs.scaffold.services.jobs.JobService,org.pitest.mutationtest.engine.gregor.mutators.VoidMethodCallMutator,lambda$runJobAsync$0,73,KILLED,edu.ucsb.cs.scaffold.services.JobServiceTests.[engine:junit-jupiter]/[class:edu.ucsb.cs.scaffold.services.JobServiceTests]/[method:runAsyncJob_fires_correctly()]
JobService.java,edu.ucsb.cs.scaffold.services.jobs.JobService,org.pitest.mutationtest.engine.gregor.mutators.VoidMethodCallMutator,runAsJob,42,KILLED,edu.ucsb.cs.scaffold.services.JobServiceTests.[engine:junit-jupiter]/[class:edu.ucsb.cs.scaffold.services.JobServiceTests]/[method:runAsJob_fires_correctly()]
JobService.java,edu.ucsb.cs.scaffold.services.jobs.JobService,org.pitest.mutationtest.engine.gregor.mutators.returns.NullReturnValsMutator,runAsJob,44,KILLED,edu.ucsb.cs.scaffold.services.JobServiceTests.[engine:junit-jupiter]/[class:edu.ucsb.cs.scaffold.services.JobServiceTests]/[method:runAsJob_fires_correctly()]
JobService.java,edu.ucsb.cs.scaffold.services.jobs.JobService,org.pitest.mutationtest.engine.gregor.mutators.VoidMethodCallMutator,runJobAsync,70,KILLED,edu.ucsb.cs.scaffold.services.JobServiceTests.[engine:junit-jupiter]/[class:edu.ucsb.cs.scaffold.services.JobServiceTests]/[method:runAsyncJob_fires_correctly()]
JobService.java,edu.ucsb.cs.scaffold.services.jobs.JobService,org.pitest.mutationtest.engine.gregor.mutators.VoidMethodCallMutator,runJobAsync,82,KILLED,edu.ucsb.cs.scaffold.services.JobServiceTests.[engine:junit-jupiter]/[class:edu.ucsb.cs.scaffold.services.JobServiceTests]/[method:runAsyncJob_handles_error()]
JobService.java,edu.ucsb.cs.scaffold.services.jobs.JobService,org.pitest.mutationtest.engine.gregor.mutators.VoidMethodCallMutator,runJobAsync,87,KILLED,edu.ucsb.cs.scaffold.services.JobServiceTests.[engine:junit-jupiter]/[class:edu.ucsb.cs.scaffold.services.JobServiceTests]/[method:runAsyncJob_fires_correctly()]
ScaffoldApplicationRunner.java,edu.ucsb.cs.scaffold.startup.ScaffoldApplicationRunner,org.pitest.mutationtest.engine.gregor.mutators.VoidMethodCallMutator,run,18,KILLED,edu.ucsb.cs.scaffold.startup.ScaffoldApplicationRunnerTests.[engine:junit-jupiter]/[class:edu.ucsb.cs.scaffold.startup.ScaffoldApplicationRunnerTests]/[method:run_calls_alwaysRunOnStartup()]
ScaffoldStartup.java,edu.ucsb.cs.scaffold.startup.ScaffoldStartup,org.pitest.mutationtest.engine.gregor.mutators.VoidMethodCallMutator,alwaysRunOnStartup,24,KILLED,edu.ucsb.cs.scaffold.startup.ScaffoldStartupTests.[engine:junit-jupiter]/[class:edu.ucsb.cs.scaffold.startup.ScaffoldStartupTests]/[method:alwaysRunOnStartup_saves_all_admin_emails()]
WiremockApplicationRunner.java,edu.ucsb.cs.scaffold.startup.WiremockApplicationRunner,org.pitest.mutationtest.engine.gregor.mutators.VoidMethodCallMutator,run,21,KILLED,edu.ucsb.cs.scaffold.startup.WiremockApplicationRunnerTests.[engine:junit-jupiter]/[class:edu.ucsb.cs.scaffold.startup.WiremockApplicationRunnerTests]/[method:run_calls_wiremockService_init()]
CanonicalFormConverter.java,edu.ucsb.cs.scaffold.utilities.CanonicalFormConverter,org.pitest.mutationtest.engine.gregor.mutators.returns.BooleanFalseReturnValsMutator,areEquivalentEmails,10,KILLED,edu.ucsb.cs.scaffold.utilities.CanonicalFormConverterTests.[engine:junit-jupiter]/[class:edu.ucsb.cs.scaffold.utilities.CanonicalFormConverterTests]/[method:testAreEquivalentEmails()]
CanonicalFormConverter.java,edu.ucsb.cs.scaffold.utilities.CanonicalFormConverter,org.pitest.mutationtest.engine.gregor.mutators.returns.BooleanTrueReturnValsMutator,areEquivalentEmails,10,KILLED,edu.ucsb.cs.scaffold.utilities.CanonicalFormConverterTests.[engine:junit-jupiter]/[class:edu.ucsb.cs.scaffold.utilities.CanonicalFormConverterTests]/[method:testAreEquivalentEmails()]
CanonicalFormConverter.java,edu.ucsb.cs.scaffold.utilities.CanonicalFormConverter,org.pitest.mutationtest.engine.gregor.mutators.returns.EmptyObjectReturnValsMutator,convertToValidEmail,6,KILLED,edu.ucsb.cs.scaffold.utilities.CanonicalFormConverterTests.[engine:junit-jupiter]/[class:edu.ucsb.cs.scaffold.utilities.CanonicalFormConverterTests]/[method:testConvertToValidEmail()]
